[
  {
    "imgUrl": "img/category/1.png",
    "price": "120.00"
  },
  {
    "imgUrl": "img/category/2.png",
    "price": "450.00"
  },
  {
    "imgUrl": "img/category/3.png",
    "price": "260.00"
  },
  {
    "imgUrl": "img/category/4.png",
    "price": "350.00"
  },
  {
    "imgUrl": "img/category/5.png",
    "price": "290.00"
  },
  {
    "imgUrl": "img/category/1.png",
    "price": "340.00"
  },
  {
    "imgUrl": "img/category/2.png",
    "price": "310.00"
  },
  {
    "imgUrl": "img/category/3.png",
    "price": "570.00"
  },
  {
    "imgUrl": "img/category/4.png",
    "price": "309.00"
  },
  {
    "imgUrl": "img/category/5.png",
    "price": "209.00"
  },
  {
    "imgUrl": "img/category/2.png",
    "price": "1900.00"
  },
  {
    "imgUrl": "img/category/4.png",
    "price": "15.00"
  }
]