[
  {
    "username": "shamsiddinkhon",
    "name": "Shamsiddinkhon",
    "lastName": "Shukurov",
    "password": "1",
    "phone": 998909996686,
    "country": "Uzbekistan",
    "userId": "abae3074-8861-4247-85ae-33e739dbde82"
  },
  {
    "username": "shamsiddinkhon1",
    "name": "Shamsiddinkhon Shukurov",
    "lastName": "Shukurov",
    "email": "shamsiddinkhon@gmail.com",
    "password": "1",
    "phone": 8909896686,
    "country": "Узбекистан",
    "userId": "ff15e010-e245-4f86-a7ba-11e268f6a708"
  }
]